1488142,https://archiveofourown.org/works?utf8=%E2%9C%93&commit=Sort+and+Filter&work_search%5Bsort_column%5D=kudos_count&work_search%5Bother_tag_names%5D=&work_search%5Bexcluded_tag_names%5D=&work_search%5Bcrossover%5D=&work_search%5Bcomplete%5D=&work_search%5Bwords_from%5D=&work_search%5Bwords_to%5D=&work_search%5Bdate_from%5D=&work_search%5Bdate_to%5D=&work_search%5Bquery%5D=&work_search%5Blanguage_id%5D=en&tag_id=Captain+America+%28Movies%29
411599,https://archiveofourown.org/works?utf8=%E2%9C%93&commit=Sort+and+Filter&work_search%5Bsort_column%5D=kudos_count&work_search%5Bother_tag_names%5D=&work_search%5Bexcluded_tag_names%5D=&work_search%5Bcrossover%5D=&work_search%5Bcomplete%5D=&work_search%5Bwords_from%5D=&work_search%5Bwords_to%5D=&work_search%5Bdate_from%5D=&work_search%5Bdate_to%5D=&work_search%5Bquery%5D=&work_search%5Blanguage_id%5D=en&tag_id=Captain+America+%28Movies%29
4433063,https://archiveofourown.org/works?utf8=%E2%9C%93&commit=Sort+and+Filter&work_search%5Bsort_column%5D=kudos_count&work_search%5Bother_tag_names%5D=&work_search%5Bexcluded_tag_names%5D=&work_search%5Bcrossover%5D=&work_search%5Bcomplete%5D=&work_search%5Bwords_from%5D=&work_search%5Bwords_to%5D=&work_search%5Bdate_from%5D=&work_search%5Bdate_to%5D=&work_search%5Bquery%5D=&work_search%5Blanguage_id%5D=en&tag_id=Captain+America+%28Movies%29
1752638,https://archiveofourown.org/works?utf8=%E2%9C%93&commit=Sort+and+Filter&work_search%5Bsort_column%5D=kudos_count&work_search%5Bother_tag_names%5D=&work_search%5Bexcluded_tag_names%5D=&work_search%5Bcrossover%5D=&work_search%5Bcomplete%5D=&work_search%5Bwords_from%5D=&work_search%5Bwords_to%5D=&work_search%5Bdate_from%5D=&work_search%5Bdate_to%5D=&work_search%5Bquery%5D=&work_search%5Blanguage_id%5D=en&tag_id=Captain+America+%28Movies%29
835829,https://archiveofourown.org/works?utf8=%E2%9C%93&commit=Sort+and+Filter&work_search%5Bsort_column%5D=kudos_count&work_search%5Bother_tag_names%5D=&work_search%5Bexcluded_tag_names%5D=&work_search%5Bcrossover%5D=&work_search%5Bcomplete%5D=&work_search%5Bwords_from%5D=&work_search%5Bwords_to%5D=&work_search%5Bdate_from%5D=&work_search%5Bdate_to%5D=&work_search%5Bquery%5D=&work_search%5Blanguage_id%5D=en&tag_id=Captain+America+%28Movies%29
3135464,https://archiveofourown.org/works?utf8=%E2%9C%93&commit=Sort+and+Filter&work_search%5Bsort_column%5D=kudos_count&work_search%5Bother_tag_names%5D=&work_search%5Bexcluded_tag_names%5D=&work_search%5Bcrossover%5D=&work_search%5Bcomplete%5D=&work_search%5Bwords_from%5D=&work_search%5Bwords_to%5D=&work_search%5Bdate_from%5D=&work_search%5Bdate_to%5D=&work_search%5Bquery%5D=&work_search%5Blanguage_id%5D=en&tag_id=Captain+America+%28Movies%29
12968454,https://archiveofourown.org/works?utf8=%E2%9C%93&commit=Sort+and+Filter&work_search%5Bsort_column%5D=kudos_count&work_search%5Bother_tag_names%5D=&work_search%5Bexcluded_tag_names%5D=&work_search%5Bcrossover%5D=&work_search%5Bcomplete%5D=&work_search%5Bwords_from%5D=&work_search%5Bwords_to%5D=&work_search%5Bdate_from%5D=&work_search%5Bdate_to%5D=&work_search%5Bquery%5D=&work_search%5Blanguage_id%5D=en&tag_id=Captain+America+%28Movies%29
1609838,https://archiveofourown.org/works?utf8=%E2%9C%93&commit=Sort+and+Filter&work_search%5Bsort_column%5D=kudos_count&work_search%5Bother_tag_names%5D=&work_search%5Bexcluded_tag_names%5D=&work_search%5Bcrossover%5D=&work_search%5Bcomplete%5D=&work_search%5Bwords_from%5D=&work_search%5Bwords_to%5D=&work_search%5Bdate_from%5D=&work_search%5Bdate_to%5D=&work_search%5Bquery%5D=&work_search%5Blanguage_id%5D=en&tag_id=Captain+America+%28Movies%29
2304905,https://archiveofourown.org/works?utf8=%E2%9C%93&commit=Sort+and+Filter&work_search%5Bsort_column%5D=kudos_count&work_search%5Bother_tag_names%5D=&work_search%5Bexcluded_tag_names%5D=&work_search%5Bcrossover%5D=&work_search%5Bcomplete%5D=&work_search%5Bwords_from%5D=&work_search%5Bwords_to%5D=&work_search%5Bdate_from%5D=&work_search%5Bdate_to%5D=&work_search%5Bquery%5D=&work_search%5Blanguage_id%5D=en&tag_id=Captain+America+%28Movies%29
1440232,https://archiveofourown.org/works?utf8=%E2%9C%93&commit=Sort+and+Filter&work_search%5Bsort_column%5D=kudos_count&work_search%5Bother_tag_names%5D=&work_search%5Bexcluded_tag_names%5D=&work_search%5Bcrossover%5D=&work_search%5Bcomplete%5D=&work_search%5Bwords_from%5D=&work_search%5Bwords_to%5D=&work_search%5Bdate_from%5D=&work_search%5Bdate_to%5D=&work_search%5Bquery%5D=&work_search%5Blanguage_id%5D=en&tag_id=Captain+America+%28Movies%29
8091886,https://archiveofourown.org/works?utf8=%E2%9C%93&commit=Sort+and+Filter&work_search%5Bsort_column%5D=kudos_count&work_search%5Bother_tag_names%5D=&work_search%5Bexcluded_tag_names%5D=&work_search%5Bcrossover%5D=&work_search%5Bcomplete%5D=&work_search%5Bwords_from%5D=&work_search%5Bwords_to%5D=&work_search%5Bdate_from%5D=&work_search%5Bdate_to%5D=&work_search%5Bquery%5D=&work_search%5Blanguage_id%5D=en&tag_id=Captain+America+%28Movies%29
1892094,https://archiveofourown.org/works?utf8=%E2%9C%93&commit=Sort+and+Filter&work_search%5Bsort_column%5D=kudos_count&work_search%5Bother_tag_names%5D=&work_search%5Bexcluded_tag_names%5D=&work_search%5Bcrossover%5D=&work_search%5Bcomplete%5D=&work_search%5Bwords_from%5D=&work_search%5Bwords_to%5D=&work_search%5Bdate_from%5D=&work_search%5Bdate_to%5D=&work_search%5Bquery%5D=&work_search%5Blanguage_id%5D=en&tag_id=Captain+America+%28Movies%29
5339822,https://archiveofourown.org/works?utf8=%E2%9C%93&commit=Sort+and+Filter&work_search%5Bsort_column%5D=kudos_count&work_search%5Bother_tag_names%5D=&work_search%5Bexcluded_tag_names%5D=&work_search%5Bcrossover%5D=&work_search%5Bcomplete%5D=&work_search%5Bwords_from%5D=&work_search%5Bwords_to%5D=&work_search%5Bdate_from%5D=&work_search%5Bdate_to%5D=&work_search%5Bquery%5D=&work_search%5Blanguage_id%5D=en&tag_id=Captain+America+%28Movies%29
732536,https://archiveofourown.org/works?utf8=%E2%9C%93&commit=Sort+and+Filter&work_search%5Bsort_column%5D=kudos_count&work_search%5Bother_tag_names%5D=&work_search%5Bexcluded_tag_names%5D=&work_search%5Bcrossover%5D=&work_search%5Bcomplete%5D=&work_search%5Bwords_from%5D=&work_search%5Bwords_to%5D=&work_search%5Bdate_from%5D=&work_search%5Bdate_to%5D=&work_search%5Bquery%5D=&work_search%5Blanguage_id%5D=en&tag_id=Captain+America+%28Movies%29
10799406,https://archiveofourown.org/works?utf8=%E2%9C%93&commit=Sort+and+Filter&work_search%5Bsort_column%5D=kudos_count&work_search%5Bother_tag_names%5D=&work_search%5Bexcluded_tag_names%5D=&work_search%5Bcrossover%5D=&work_search%5Bcomplete%5D=&work_search%5Bwords_from%5D=&work_search%5Bwords_to%5D=&work_search%5Bdate_from%5D=&work_search%5Bdate_to%5D=&work_search%5Bquery%5D=&work_search%5Blanguage_id%5D=en&tag_id=Captain+America+%28Movies%29
1533116,https://archiveofourown.org/works?utf8=%E2%9C%93&commit=Sort+and+Filter&work_search%5Bsort_column%5D=kudos_count&work_search%5Bother_tag_names%5D=&work_search%5Bexcluded_tag_names%5D=&work_search%5Bcrossover%5D=&work_search%5Bcomplete%5D=&work_search%5Bwords_from%5D=&work_search%5Bwords_to%5D=&work_search%5Bdate_from%5D=&work_search%5Bdate_to%5D=&work_search%5Bquery%5D=&work_search%5Blanguage_id%5D=en&tag_id=Captain+America+%28Movies%29
12823671,https://archiveofourown.org/works?utf8=%E2%9C%93&commit=Sort+and+Filter&work_search%5Bsort_column%5D=kudos_count&work_search%5Bother_tag_names%5D=&work_search%5Bexcluded_tag_names%5D=&work_search%5Bcrossover%5D=&work_search%5Bcomplete%5D=&work_search%5Bwords_from%5D=&work_search%5Bwords_to%5D=&work_search%5Bdate_from%5D=&work_search%5Bdate_to%5D=&work_search%5Bquery%5D=&work_search%5Blanguage_id%5D=en&tag_id=Captain+America+%28Movies%29
3254972,https://archiveofourown.org/works?utf8=%E2%9C%93&commit=Sort+and+Filter&work_search%5Bsort_column%5D=kudos_count&work_search%5Bother_tag_names%5D=&work_search%5Bexcluded_tag_names%5D=&work_search%5Bcrossover%5D=&work_search%5Bcomplete%5D=&work_search%5Bwords_from%5D=&work_search%5Bwords_to%5D=&work_search%5Bdate_from%5D=&work_search%5Bdate_to%5D=&work_search%5Bquery%5D=&work_search%5Blanguage_id%5D=en&tag_id=Captain+America+%28Movies%29
1599293,https://archiveofourown.org/works?utf8=%E2%9C%93&commit=Sort+and+Filter&work_search%5Bsort_column%5D=kudos_count&work_search%5Bother_tag_names%5D=&work_search%5Bexcluded_tag_names%5D=&work_search%5Bcrossover%5D=&work_search%5Bcomplete%5D=&work_search%5Bwords_from%5D=&work_search%5Bwords_to%5D=&work_search%5Bdate_from%5D=&work_search%5Bdate_to%5D=&work_search%5Bquery%5D=&work_search%5Blanguage_id%5D=en&tag_id=Captain+America+%28Movies%29
393688,https://archiveofourown.org/works?utf8=%E2%9C%93&commit=Sort+and+Filter&work_search%5Bsort_column%5D=kudos_count&work_search%5Bother_tag_names%5D=&work_search%5Bexcluded_tag_names%5D=&work_search%5Bcrossover%5D=&work_search%5Bcomplete%5D=&work_search%5Bwords_from%5D=&work_search%5Bwords_to%5D=&work_search%5Bdate_from%5D=&work_search%5Bdate_to%5D=&work_search%5Bquery%5D=&work_search%5Blanguage_id%5D=en&tag_id=Captain+America+%28Movies%29
1704596,https://archiveofourown.org/works?utf8=%E2%9C%93&commit=Sort+and+Filter&work_search%5Bsort_column%5D=kudos_count&work_search%5Bother_tag_names%5D=&work_search%5Bexcluded_tag_names%5D=&work_search%5Bcrossover%5D=&work_search%5Bcomplete%5D=&work_search%5Bwords_from%5D=&work_search%5Bwords_to%5D=&work_search%5Bdate_from%5D=&work_search%5Bdate_to%5D=&work_search%5Bquery%5D=&work_search%5Blanguage_id%5D=en&tag_id=Captain+America+%28Movies%29&page=2
1668068,https://archiveofourown.org/works?utf8=%E2%9C%93&commit=Sort+and+Filter&work_search%5Bsort_column%5D=kudos_count&work_search%5Bother_tag_names%5D=&work_search%5Bexcluded_tag_names%5D=&work_search%5Bcrossover%5D=&work_search%5Bcomplete%5D=&work_search%5Bwords_from%5D=&work_search%5Bwords_to%5D=&work_search%5Bdate_from%5D=&work_search%5Bdate_to%5D=&work_search%5Bquery%5D=&work_search%5Blanguage_id%5D=en&tag_id=Captain+America+%28Movies%29&page=2
922826,https://archiveofourown.org/works?utf8=%E2%9C%93&commit=Sort+and+Filter&work_search%5Bsort_column%5D=kudos_count&work_search%5Bother_tag_names%5D=&work_search%5Bexcluded_tag_names%5D=&work_search%5Bcrossover%5D=&work_search%5Bcomplete%5D=&work_search%5Bwords_from%5D=&work_search%5Bwords_to%5D=&work_search%5Bdate_from%5D=&work_search%5Bdate_to%5D=&work_search%5Bquery%5D=&work_search%5Blanguage_id%5D=en&tag_id=Captain+America+%28Movies%29&page=2
12912708,https://archiveofourown.org/works?utf8=%E2%9C%93&commit=Sort+and+Filter&work_search%5Bsort_column%5D=kudos_count&work_search%5Bother_tag_names%5D=&work_search%5Bexcluded_tag_names%5D=&work_search%5Bcrossover%5D=&work_search%5Bcomplete%5D=&work_search%5Bwords_from%5D=&work_search%5Bwords_to%5D=&work_search%5Bdate_from%5D=&work_search%5Bdate_to%5D=&work_search%5Bquery%5D=&work_search%5Blanguage_id%5D=en&tag_id=Captain+America+%28Movies%29&page=2
1533986,https://archiveofourown.org/works?utf8=%E2%9C%93&commit=Sort+and+Filter&work_search%5Bsort_column%5D=kudos_count&work_search%5Bother_tag_names%5D=&work_search%5Bexcluded_tag_names%5D=&work_search%5Bcrossover%5D=&work_search%5Bcomplete%5D=&work_search%5Bwords_from%5D=&work_search%5Bwords_to%5D=&work_search%5Bdate_from%5D=&work_search%5Bdate_to%5D=&work_search%5Bquery%5D=&work_search%5Blanguage_id%5D=en&tag_id=Captain+America+%28Movies%29&page=2
1797448,https://archiveofourown.org/works?utf8=%E2%9C%93&commit=Sort+and+Filter&work_search%5Bsort_column%5D=kudos_count&work_search%5Bother_tag_names%5D=&work_search%5Bexcluded_tag_names%5D=&work_search%5Bcrossover%5D=&work_search%5Bcomplete%5D=&work_search%5Bwords_from%5D=&work_search%5Bwords_to%5D=&work_search%5Bdate_from%5D=&work_search%5Bdate_to%5D=&work_search%5Bquery%5D=&work_search%5Blanguage_id%5D=en&tag_id=Captain+America+%28Movies%29&page=2
1497430,https://archiveofourown.org/works?utf8=%E2%9C%93&commit=Sort+and+Filter&work_search%5Bsort_column%5D=kudos_count&work_search%5Bother_tag_names%5D=&work_search%5Bexcluded_tag_names%5D=&work_search%5Bcrossover%5D=&work_search%5Bcomplete%5D=&work_search%5Bwords_from%5D=&work_search%5Bwords_to%5D=&work_search%5Bdate_from%5D=&work_search%5Bdate_to%5D=&work_search%5Bquery%5D=&work_search%5Blanguage_id%5D=en&tag_id=Captain+America+%28Movies%29&page=2
1889694,https://archiveofourown.org/works?utf8=%E2%9C%93&commit=Sort+and+Filter&work_search%5Bsort_column%5D=kudos_count&work_search%5Bother_tag_names%5D=&work_search%5Bexcluded_tag_names%5D=&work_search%5Bcrossover%5D=&work_search%5Bcomplete%5D=&work_search%5Bwords_from%5D=&work_search%5Bwords_to%5D=&work_search%5Bdate_from%5D=&work_search%5Bdate_to%5D=&work_search%5Bquery%5D=&work_search%5Blanguage_id%5D=en&tag_id=Captain+America+%28Movies%29&page=2
11575098,https://archiveofourown.org/works?utf8=%E2%9C%93&commit=Sort+and+Filter&work_search%5Bsort_column%5D=kudos_count&work_search%5Bother_tag_names%5D=&work_search%5Bexcluded_tag_names%5D=&work_search%5Bcrossover%5D=&work_search%5Bcomplete%5D=&work_search%5Bwords_from%5D=&work_search%5Bwords_to%5D=&work_search%5Bdate_from%5D=&work_search%5Bdate_to%5D=&work_search%5Bquery%5D=&work_search%5Blanguage_id%5D=en&tag_id=Captain+America+%28Movies%29&page=2
784688,https://archiveofourown.org/works?utf8=%E2%9C%93&commit=Sort+and+Filter&work_search%5Bsort_column%5D=kudos_count&work_search%5Bother_tag_names%5D=&work_search%5Bexcluded_tag_names%5D=&work_search%5Bcrossover%5D=&work_search%5Bcomplete%5D=&work_search%5Bwords_from%5D=&work_search%5Bwords_to%5D=&work_search%5Bdate_from%5D=&work_search%5Bdate_to%5D=&work_search%5Bquery%5D=&work_search%5Blanguage_id%5D=en&tag_id=Captain+America+%28Movies%29&page=2
1430413,https://archiveofourown.org/works?utf8=%E2%9C%93&commit=Sort+and+Filter&work_search%5Bsort_column%5D=kudos_count&work_search%5Bother_tag_names%5D=&work_search%5Bexcluded_tag_names%5D=&work_search%5Bcrossover%5D=&work_search%5Bcomplete%5D=&work_search%5Bwords_from%5D=&work_search%5Bwords_to%5D=&work_search%5Bdate_from%5D=&work_search%5Bdate_to%5D=&work_search%5Bquery%5D=&work_search%5Blanguage_id%5D=en&tag_id=Captain+America+%28Movies%29&page=2
3456710,https://archiveofourown.org/works?utf8=%E2%9C%93&commit=Sort+and+Filter&work_search%5Bsort_column%5D=kudos_count&work_search%5Bother_tag_names%5D=&work_search%5Bexcluded_tag_names%5D=&work_search%5Bcrossover%5D=&work_search%5Bcomplete%5D=&work_search%5Bwords_from%5D=&work_search%5Bwords_to%5D=&work_search%5Bdate_from%5D=&work_search%5Bdate_to%5D=&work_search%5Bquery%5D=&work_search%5Blanguage_id%5D=en&tag_id=Captain+America+%28Movies%29&page=2
589332,https://archiveofourown.org/works?utf8=%E2%9C%93&commit=Sort+and+Filter&work_search%5Bsort_column%5D=kudos_count&work_search%5Bother_tag_names%5D=&work_search%5Bexcluded_tag_names%5D=&work_search%5Bcrossover%5D=&work_search%5Bcomplete%5D=&work_search%5Bwords_from%5D=&work_search%5Bwords_to%5D=&work_search%5Bdate_from%5D=&work_search%5Bdate_to%5D=&work_search%5Bquery%5D=&work_search%5Blanguage_id%5D=en&tag_id=Captain+America+%28Movies%29&page=2
3210581,https://archiveofourown.org/works?utf8=%E2%9C%93&commit=Sort+and+Filter&work_search%5Bsort_column%5D=kudos_count&work_search%5Bother_tag_names%5D=&work_search%5Bexcluded_tag_names%5D=&work_search%5Bcrossover%5D=&work_search%5Bcomplete%5D=&work_search%5Bwords_from%5D=&work_search%5Bwords_to%5D=&work_search%5Bdate_from%5D=&work_search%5Bdate_to%5D=&work_search%5Bquery%5D=&work_search%5Blanguage_id%5D=en&tag_id=Captain+America+%28Movies%29&page=2
6912172,https://archiveofourown.org/works?utf8=%E2%9C%93&commit=Sort+and+Filter&work_search%5Bsort_column%5D=kudos_count&work_search%5Bother_tag_names%5D=&work_search%5Bexcluded_tag_names%5D=&work_search%5Bcrossover%5D=&work_search%5Bcomplete%5D=&work_search%5Bwords_from%5D=&work_search%5Bwords_to%5D=&work_search%5Bdate_from%5D=&work_search%5Bdate_to%5D=&work_search%5Bquery%5D=&work_search%5Blanguage_id%5D=en&tag_id=Captain+America+%28Movies%29&page=2
14910729,https://archiveofourown.org/works?utf8=%E2%9C%93&commit=Sort+and+Filter&work_search%5Bsort_column%5D=kudos_count&work_search%5Bother_tag_names%5D=&work_search%5Bexcluded_tag_names%5D=&work_search%5Bcrossover%5D=&work_search%5Bcomplete%5D=&work_search%5Bwords_from%5D=&work_search%5Bwords_to%5D=&work_search%5Bdate_from%5D=&work_search%5Bdate_to%5D=&work_search%5Bquery%5D=&work_search%5Blanguage_id%5D=en&tag_id=Captain+America+%28Movies%29&page=2
2660255,https://archiveofourown.org/works?utf8=%E2%9C%93&commit=Sort+and+Filter&work_search%5Bsort_column%5D=kudos_count&work_search%5Bother_tag_names%5D=&work_search%5Bexcluded_tag_names%5D=&work_search%5Bcrossover%5D=&work_search%5Bcomplete%5D=&work_search%5Bwords_from%5D=&work_search%5Bwords_to%5D=&work_search%5Bdate_from%5D=&work_search%5Bdate_to%5D=&work_search%5Bquery%5D=&work_search%5Blanguage_id%5D=en&tag_id=Captain+America+%28Movies%29&page=2
1432078,https://archiveofourown.org/works?utf8=%E2%9C%93&commit=Sort+and+Filter&work_search%5Bsort_column%5D=kudos_count&work_search%5Bother_tag_names%5D=&work_search%5Bexcluded_tag_names%5D=&work_search%5Bcrossover%5D=&work_search%5Bcomplete%5D=&work_search%5Bwords_from%5D=&work_search%5Bwords_to%5D=&work_search%5Bdate_from%5D=&work_search%5Bdate_to%5D=&work_search%5Bquery%5D=&work_search%5Blanguage_id%5D=en&tag_id=Captain+America+%28Movies%29&page=2
2081859,https://archiveofourown.org/works?utf8=%E2%9C%93&commit=Sort+and+Filter&work_search%5Bsort_column%5D=kudos_count&work_search%5Bother_tag_names%5D=&work_search%5Bexcluded_tag_names%5D=&work_search%5Bcrossover%5D=&work_search%5Bcomplete%5D=&work_search%5Bwords_from%5D=&work_search%5Bwords_to%5D=&work_search%5Bdate_from%5D=&work_search%5Bdate_to%5D=&work_search%5Bquery%5D=&work_search%5Blanguage_id%5D=en&tag_id=Captain+America+%28Movies%29&page=2
4064119,https://archiveofourown.org/works?utf8=%E2%9C%93&commit=Sort+and+Filter&work_search%5Bsort_column%5D=kudos_count&work_search%5Bother_tag_names%5D=&work_search%5Bexcluded_tag_names%5D=&work_search%5Bcrossover%5D=&work_search%5Bcomplete%5D=&work_search%5Bwords_from%5D=&work_search%5Bwords_to%5D=&work_search%5Bdate_from%5D=&work_search%5Bdate_to%5D=&work_search%5Bquery%5D=&work_search%5Blanguage_id%5D=en&tag_id=Captain+America+%28Movies%29&page=2
3130037,https://archiveofourown.org/works?utf8=%E2%9C%93&commit=Sort+and+Filter&work_search%5Bsort_column%5D=kudos_count&work_search%5Bother_tag_names%5D=&work_search%5Bexcluded_tag_names%5D=&work_search%5Bcrossover%5D=&work_search%5Bcomplete%5D=&work_search%5Bwords_from%5D=&work_search%5Bwords_to%5D=&work_search%5Bdate_from%5D=&work_search%5Bdate_to%5D=&work_search%5Bquery%5D=&work_search%5Blanguage_id%5D=en&tag_id=Captain+America+%28Movies%29&page=3
13343310,https://archiveofourown.org/works?utf8=%E2%9C%93&commit=Sort+and+Filter&work_search%5Bsort_column%5D=kudos_count&work_search%5Bother_tag_names%5D=&work_search%5Bexcluded_tag_names%5D=&work_search%5Bcrossover%5D=&work_search%5Bcomplete%5D=&work_search%5Bwords_from%5D=&work_search%5Bwords_to%5D=&work_search%5Bdate_from%5D=&work_search%5Bdate_to%5D=&work_search%5Bquery%5D=&work_search%5Blanguage_id%5D=en&tag_id=Captain+America+%28Movies%29&page=3
5489327,https://archiveofourown.org/works?utf8=%E2%9C%93&commit=Sort+and+Filter&work_search%5Bsort_column%5D=kudos_count&work_search%5Bother_tag_names%5D=&work_search%5Bexcluded_tag_names%5D=&work_search%5Bcrossover%5D=&work_search%5Bcomplete%5D=&work_search%5Bwords_from%5D=&work_search%5Bwords_to%5D=&work_search%5Bdate_from%5D=&work_search%5Bdate_to%5D=&work_search%5Bquery%5D=&work_search%5Blanguage_id%5D=en&tag_id=Captain+America+%28Movies%29&page=3
1799623,https://archiveofourown.org/works?utf8=%E2%9C%93&commit=Sort+and+Filter&work_search%5Bsort_column%5D=kudos_count&work_search%5Bother_tag_names%5D=&work_search%5Bexcluded_tag_names%5D=&work_search%5Bcrossover%5D=&work_search%5Bcomplete%5D=&work_search%5Bwords_from%5D=&work_search%5Bwords_to%5D=&work_search%5Bdate_from%5D=&work_search%5Bdate_to%5D=&work_search%5Bquery%5D=&work_search%5Blanguage_id%5D=en&tag_id=Captain+America+%28Movies%29&page=3
14460201,https://archiveofourown.org/works?utf8=%E2%9C%93&commit=Sort+and+Filter&work_search%5Bsort_column%5D=kudos_count&work_search%5Bother_tag_names%5D=&work_search%5Bexcluded_tag_names%5D=&work_search%5Bcrossover%5D=&work_search%5Bcomplete%5D=&work_search%5Bwords_from%5D=&work_search%5Bwords_to%5D=&work_search%5Bdate_from%5D=&work_search%5Bdate_to%5D=&work_search%5Bquery%5D=&work_search%5Blanguage_id%5D=en&tag_id=Captain+America+%28Movies%29&page=3
5953900,https://archiveofourown.org/works?utf8=%E2%9C%93&commit=Sort+and+Filter&work_search%5Bsort_column%5D=kudos_count&work_search%5Bother_tag_names%5D=&work_search%5Bexcluded_tag_names%5D=&work_search%5Bcrossover%5D=&work_search%5Bcomplete%5D=&work_search%5Bwords_from%5D=&work_search%5Bwords_to%5D=&work_search%5Bdate_from%5D=&work_search%5Bdate_to%5D=&work_search%5Bquery%5D=&work_search%5Blanguage_id%5D=en&tag_id=Captain+America+%28Movies%29&page=3
3523880,https://archiveofourown.org/works?utf8=%E2%9C%93&commit=Sort+and+Filter&work_search%5Bsort_column%5D=kudos_count&work_search%5Bother_tag_names%5D=&work_search%5Bexcluded_tag_names%5D=&work_search%5Bcrossover%5D=&work_search%5Bcomplete%5D=&work_search%5Bwords_from%5D=&work_search%5Bwords_to%5D=&work_search%5Bdate_from%5D=&work_search%5Bdate_to%5D=&work_search%5Bquery%5D=&work_search%5Blanguage_id%5D=en&tag_id=Captain+America+%28Movies%29&page=3
520775,https://archiveofourown.org/works?utf8=%E2%9C%93&commit=Sort+and+Filter&work_search%5Bsort_column%5D=kudos_count&work_search%5Bother_tag_names%5D=&work_search%5Bexcluded_tag_names%5D=&work_search%5Bcrossover%5D=&work_search%5Bcomplete%5D=&work_search%5Bwords_from%5D=&work_search%5Bwords_to%5D=&work_search%5Bdate_from%5D=&work_search%5Bdate_to%5D=&work_search%5Bquery%5D=&work_search%5Blanguage_id%5D=en&tag_id=Captain+America+%28Movies%29&page=3
1679630,https://archiveofourown.org/works?utf8=%E2%9C%93&commit=Sort+and+Filter&work_search%5Bsort_column%5D=kudos_count&work_search%5Bother_tag_names%5D=&work_search%5Bexcluded_tag_names%5D=&work_search%5Bcrossover%5D=&work_search%5Bcomplete%5D=&work_search%5Bwords_from%5D=&work_search%5Bwords_to%5D=&work_search%5Bdate_from%5D=&work_search%5Bdate_to%5D=&work_search%5Bquery%5D=&work_search%5Blanguage_id%5D=en&tag_id=Captain+America+%28Movies%29&page=3
4032415,https://archiveofourown.org/works?utf8=%E2%9C%93&commit=Sort+and+Filter&work_search%5Bsort_column%5D=kudos_count&work_search%5Bother_tag_names%5D=&work_search%5Bexcluded_tag_names%5D=&work_search%5Bcrossover%5D=&work_search%5Bcomplete%5D=&work_search%5Bwords_from%5D=&work_search%5Bwords_to%5D=&work_search%5Bdate_from%5D=&work_search%5Bdate_to%5D=&work_search%5Bquery%5D=&work_search%5Blanguage_id%5D=en&tag_id=Captain+America+%28Movies%29&page=3
6915553,https://archiveofourown.org/works?utf8=%E2%9C%93&commit=Sort+and+Filter&work_search%5Bsort_column%5D=kudos_count&work_search%5Bother_tag_names%5D=&work_search%5Bexcluded_tag_names%5D=&work_search%5Bcrossover%5D=&work_search%5Bcomplete%5D=&work_search%5Bwords_from%5D=&work_search%5Bwords_to%5D=&work_search%5Bdate_from%5D=&work_search%5Bdate_to%5D=&work_search%5Bquery%5D=&work_search%5Blanguage_id%5D=en&tag_id=Captain+America+%28Movies%29&page=3
3723433,https://archiveofourown.org/works?utf8=%E2%9C%93&commit=Sort+and+Filter&work_search%5Bsort_column%5D=kudos_count&work_search%5Bother_tag_names%5D=&work_search%5Bexcluded_tag_names%5D=&work_search%5Bcrossover%5D=&work_search%5Bcomplete%5D=&work_search%5Bwords_from%5D=&work_search%5Bwords_to%5D=&work_search%5Bdate_from%5D=&work_search%5Bdate_to%5D=&work_search%5Bquery%5D=&work_search%5Blanguage_id%5D=en&tag_id=Captain+America+%28Movies%29&page=3
1144642,https://archiveofourown.org/works?utf8=%E2%9C%93&commit=Sort+and+Filter&work_search%5Bsort_column%5D=kudos_count&work_search%5Bother_tag_names%5D=&work_search%5Bexcluded_tag_names%5D=&work_search%5Bcrossover%5D=&work_search%5Bcomplete%5D=&work_search%5Bwords_from%5D=&work_search%5Bwords_to%5D=&work_search%5Bdate_from%5D=&work_search%5Bdate_to%5D=&work_search%5Bquery%5D=&work_search%5Blanguage_id%5D=en&tag_id=Captain+America+%28Movies%29&page=3
11046240,https://archiveofourown.org/works?utf8=%E2%9C%93&commit=Sort+and+Filter&work_search%5Bsort_column%5D=kudos_count&work_search%5Bother_tag_names%5D=&work_search%5Bexcluded_tag_names%5D=&work_search%5Bcrossover%5D=&work_search%5Bcomplete%5D=&work_search%5Bwords_from%5D=&work_search%5Bwords_to%5D=&work_search%5Bdate_from%5D=&work_search%5Bdate_to%5D=&work_search%5Bquery%5D=&work_search%5Blanguage_id%5D=en&tag_id=Captain+America+%28Movies%29&page=3
5964175,https://archiveofourown.org/works?utf8=%E2%9C%93&commit=Sort+and+Filter&work_search%5Bsort_column%5D=kudos_count&work_search%5Bother_tag_names%5D=&work_search%5Bexcluded_tag_names%5D=&work_search%5Bcrossover%5D=&work_search%5Bcomplete%5D=&work_search%5Bwords_from%5D=&work_search%5Bwords_to%5D=&work_search%5Bdate_from%5D=&work_search%5Bdate_to%5D=&work_search%5Bquery%5D=&work_search%5Blanguage_id%5D=en&tag_id=Captain+America+%28Movies%29&page=3
422076,https://archiveofourown.org/works?utf8=%E2%9C%93&commit=Sort+and+Filter&work_search%5Bsort_column%5D=kudos_count&work_search%5Bother_tag_names%5D=&work_search%5Bexcluded_tag_names%5D=&work_search%5Bcrossover%5D=&work_search%5Bcomplete%5D=&work_search%5Bwords_from%5D=&work_search%5Bwords_to%5D=&work_search%5Bdate_from%5D=&work_search%5Bdate_to%5D=&work_search%5Bquery%5D=&work_search%5Blanguage_id%5D=en&tag_id=Captain+America+%28Movies%29&page=3
1439566,https://archiveofourown.org/works?utf8=%E2%9C%93&commit=Sort+and+Filter&work_search%5Bsort_column%5D=kudos_count&work_search%5Bother_tag_names%5D=&work_search%5Bexcluded_tag_names%5D=&work_search%5Bcrossover%5D=&work_search%5Bcomplete%5D=&work_search%5Bwords_from%5D=&work_search%5Bwords_to%5D=&work_search%5Bdate_from%5D=&work_search%5Bdate_to%5D=&work_search%5Bquery%5D=&work_search%5Blanguage_id%5D=en&tag_id=Captain+America+%28Movies%29&page=3
3341162,https://archiveofourown.org/works?utf8=%E2%9C%93&commit=Sort+and+Filter&work_search%5Bsort_column%5D=kudos_count&work_search%5Bother_tag_names%5D=&work_search%5Bexcluded_tag_names%5D=&work_search%5Bcrossover%5D=&work_search%5Bcomplete%5D=&work_search%5Bwords_from%5D=&work_search%5Bwords_to%5D=&work_search%5Bdate_from%5D=&work_search%5Bdate_to%5D=&work_search%5Bquery%5D=&work_search%5Blanguage_id%5D=en&tag_id=Captain+America+%28Movies%29&page=3
6725662,https://archiveofourown.org/works?utf8=%E2%9C%93&commit=Sort+and+Filter&work_search%5Bsort_column%5D=kudos_count&work_search%5Bother_tag_names%5D=&work_search%5Bexcluded_tag_names%5D=&work_search%5Bcrossover%5D=&work_search%5Bcomplete%5D=&work_search%5Bwords_from%5D=&work_search%5Bwords_to%5D=&work_search%5Bdate_from%5D=&work_search%5Bdate_to%5D=&work_search%5Bquery%5D=&work_search%5Blanguage_id%5D=en&tag_id=Captain+America+%28Movies%29&page=3
2016438,https://archiveofourown.org/works?utf8=%E2%9C%93&commit=Sort+and+Filter&work_search%5Bsort_column%5D=kudos_count&work_search%5Bother_tag_names%5D=&work_search%5Bexcluded_tag_names%5D=&work_search%5Bcrossover%5D=&work_search%5Bcomplete%5D=&work_search%5Bwords_from%5D=&work_search%5Bwords_to%5D=&work_search%5Bdate_from%5D=&work_search%5Bdate_to%5D=&work_search%5Bquery%5D=&work_search%5Blanguage_id%5D=en&tag_id=Captain+America+%28Movies%29&page=3
19018297,https://archiveofourown.org/works?utf8=%E2%9C%93&commit=Sort+and+Filter&work_search%5Bsort_column%5D=kudos_count&work_search%5Bother_tag_names%5D=&work_search%5Bexcluded_tag_names%5D=&work_search%5Bcrossover%5D=&work_search%5Bcomplete%5D=&work_search%5Bwords_from%5D=&work_search%5Bwords_to%5D=&work_search%5Bdate_from%5D=&work_search%5Bdate_to%5D=&work_search%5Bquery%5D=&work_search%5Blanguage_id%5D=en&tag_id=Captain+America+%28Movies%29&page=4
596718,https://archiveofourown.org/works?utf8=%E2%9C%93&commit=Sort+and+Filter&work_search%5Bsort_column%5D=kudos_count&work_search%5Bother_tag_names%5D=&work_search%5Bexcluded_tag_names%5D=&work_search%5Bcrossover%5D=&work_search%5Bcomplete%5D=&work_search%5Bwords_from%5D=&work_search%5Bwords_to%5D=&work_search%5Bdate_from%5D=&work_search%5Bdate_to%5D=&work_search%5Bquery%5D=&work_search%5Blanguage_id%5D=en&tag_id=Captain+America+%28Movies%29&page=4
4289208,https://archiveofourown.org/works?utf8=%E2%9C%93&commit=Sort+and+Filter&work_search%5Bsort_column%5D=kudos_count&work_search%5Bother_tag_names%5D=&work_search%5Bexcluded_tag_names%5D=&work_search%5Bcrossover%5D=&work_search%5Bcomplete%5D=&work_search%5Bwords_from%5D=&work_search%5Bwords_to%5D=&work_search%5Bdate_from%5D=&work_search%5Bdate_to%5D=&work_search%5Bquery%5D=&work_search%5Blanguage_id%5D=en&tag_id=Captain+America+%28Movies%29&page=4
7936447,https://archiveofourown.org/works?utf8=%E2%9C%93&commit=Sort+and+Filter&work_search%5Bsort_column%5D=kudos_count&work_search%5Bother_tag_names%5D=&work_search%5Bexcluded_tag_names%5D=&work_search%5Bcrossover%5D=&work_search%5Bcomplete%5D=&work_search%5Bwords_from%5D=&work_search%5Bwords_to%5D=&work_search%5Bdate_from%5D=&work_search%5Bdate_to%5D=&work_search%5Bquery%5D=&work_search%5Blanguage_id%5D=en&tag_id=Captain+America+%28Movies%29&page=4
2500736,https://archiveofourown.org/works?utf8=%E2%9C%93&commit=Sort+and+Filter&work_search%5Bsort_column%5D=kudos_count&work_search%5Bother_tag_names%5D=&work_search%5Bexcluded_tag_names%5D=&work_search%5Bcrossover%5D=&work_search%5Bcomplete%5D=&work_search%5Bwords_from%5D=&work_search%5Bwords_to%5D=&work_search%5Bdate_from%5D=&work_search%5Bdate_to%5D=&work_search%5Bquery%5D=&work_search%5Blanguage_id%5D=en&tag_id=Captain+America+%28Movies%29&page=4
2890913,https://archiveofourown.org/works?utf8=%E2%9C%93&commit=Sort+and+Filter&work_search%5Bsort_column%5D=kudos_count&work_search%5Bother_tag_names%5D=&work_search%5Bexcluded_tag_names%5D=&work_search%5Bcrossover%5D=&work_search%5Bcomplete%5D=&work_search%5Bwords_from%5D=&work_search%5Bwords_to%5D=&work_search%5Bdate_from%5D=&work_search%5Bdate_to%5D=&work_search%5Bquery%5D=&work_search%5Blanguage_id%5D=en&tag_id=Captain+America+%28Movies%29&page=4
1492894,https://archiveofourown.org/works?utf8=%E2%9C%93&commit=Sort+and+Filter&work_search%5Bsort_column%5D=kudos_count&work_search%5Bother_tag_names%5D=&work_search%5Bexcluded_tag_names%5D=&work_search%5Bcrossover%5D=&work_search%5Bcomplete%5D=&work_search%5Bwords_from%5D=&work_search%5Bwords_to%5D=&work_search%5Bdate_from%5D=&work_search%5Bdate_to%5D=&work_search%5Bquery%5D=&work_search%5Blanguage_id%5D=en&tag_id=Captain+America+%28Movies%29&page=4
539219,https://archiveofourown.org/works?utf8=%E2%9C%93&commit=Sort+and+Filter&work_search%5Bsort_column%5D=kudos_count&work_search%5Bother_tag_names%5D=&work_search%5Bexcluded_tag_names%5D=&work_search%5Bcrossover%5D=&work_search%5Bcomplete%5D=&work_search%5Bwords_from%5D=&work_search%5Bwords_to%5D=&work_search%5Bdate_from%5D=&work_search%5Bdate_to%5D=&work_search%5Bquery%5D=&work_search%5Blanguage_id%5D=en&tag_id=Captain+America+%28Movies%29&page=4
1467004,https://archiveofourown.org/works?utf8=%E2%9C%93&commit=Sort+and+Filter&work_search%5Bsort_column%5D=kudos_count&work_search%5Bother_tag_names%5D=&work_search%5Bexcluded_tag_names%5D=&work_search%5Bcrossover%5D=&work_search%5Bcomplete%5D=&work_search%5Bwords_from%5D=&work_search%5Bwords_to%5D=&work_search%5Bdate_from%5D=&work_search%5Bdate_to%5D=&work_search%5Bquery%5D=&work_search%5Blanguage_id%5D=en&tag_id=Captain+America+%28Movies%29&page=4
6606808,https://archiveofourown.org/works?utf8=%E2%9C%93&commit=Sort+and+Filter&work_search%5Bsort_column%5D=kudos_count&work_search%5Bother_tag_names%5D=&work_search%5Bexcluded_tag_names%5D=&work_search%5Bcrossover%5D=&work_search%5Bcomplete%5D=&work_search%5Bwords_from%5D=&work_search%5Bwords_to%5D=&work_search%5Bdate_from%5D=&work_search%5Bdate_to%5D=&work_search%5Bquery%5D=&work_search%5Blanguage_id%5D=en&tag_id=Captain+America+%28Movies%29&page=4
6314905,https://archiveofourown.org/works?utf8=%E2%9C%93&commit=Sort+and+Filter&work_search%5Bsort_column%5D=kudos_count&work_search%5Bother_tag_names%5D=&work_search%5Bexcluded_tag_names%5D=&work_search%5Bcrossover%5D=&work_search%5Bcomplete%5D=&work_search%5Bwords_from%5D=&work_search%5Bwords_to%5D=&work_search%5Bdate_from%5D=&work_search%5Bdate_to%5D=&work_search%5Bquery%5D=&work_search%5Blanguage_id%5D=en&tag_id=Captain+America+%28Movies%29&page=4
1063802,https://archiveofourown.org/works?utf8=%E2%9C%93&commit=Sort+and+Filter&work_search%5Bsort_column%5D=kudos_count&work_search%5Bother_tag_names%5D=&work_search%5Bexcluded_tag_names%5D=&work_search%5Bcrossover%5D=&work_search%5Bcomplete%5D=&work_search%5Bwords_from%5D=&work_search%5Bwords_to%5D=&work_search%5Bdate_from%5D=&work_search%5Bdate_to%5D=&work_search%5Bquery%5D=&work_search%5Blanguage_id%5D=en&tag_id=Captain+America+%28Movies%29&page=4
551094,https://archiveofourown.org/works?utf8=%E2%9C%93&commit=Sort+and+Filter&work_search%5Bsort_column%5D=kudos_count&work_search%5Bother_tag_names%5D=&work_search%5Bexcluded_tag_names%5D=&work_search%5Bcrossover%5D=&work_search%5Bcomplete%5D=&work_search%5Bwords_from%5D=&work_search%5Bwords_to%5D=&work_search%5Bdate_from%5D=&work_search%5Bdate_to%5D=&work_search%5Bquery%5D=&work_search%5Blanguage_id%5D=en&tag_id=Captain+America+%28Movies%29&page=4
8615512,https://archiveofourown.org/works?utf8=%E2%9C%93&commit=Sort+and+Filter&work_search%5Bsort_column%5D=kudos_count&work_search%5Bother_tag_names%5D=&work_search%5Bexcluded_tag_names%5D=&work_search%5Bcrossover%5D=&work_search%5Bcomplete%5D=&work_search%5Bwords_from%5D=&work_search%5Bwords_to%5D=&work_search%5Bdate_from%5D=&work_search%5Bdate_to%5D=&work_search%5Bquery%5D=&work_search%5Blanguage_id%5D=en&tag_id=Captain+America+%28Movies%29&page=4
1551293,https://archiveofourown.org/works?utf8=%E2%9C%93&commit=Sort+and+Filter&work_search%5Bsort_column%5D=kudos_count&work_search%5Bother_tag_names%5D=&work_search%5Bexcluded_tag_names%5D=&work_search%5Bcrossover%5D=&work_search%5Bcomplete%5D=&work_search%5Bwords_from%5D=&work_search%5Bwords_to%5D=&work_search%5Bdate_from%5D=&work_search%5Bdate_to%5D=&work_search%5Bquery%5D=&work_search%5Blanguage_id%5D=en&tag_id=Captain+America+%28Movies%29&page=4
5516603,https://archiveofourown.org/works?utf8=%E2%9C%93&commit=Sort+and+Filter&work_search%5Bsort_column%5D=kudos_count&work_search%5Bother_tag_names%5D=&work_search%5Bexcluded_tag_names%5D=&work_search%5Bcrossover%5D=&work_search%5Bcomplete%5D=&work_search%5Bwords_from%5D=&work_search%5Bwords_to%5D=&work_search%5Bdate_from%5D=&work_search%5Bdate_to%5D=&work_search%5Bquery%5D=&work_search%5Blanguage_id%5D=en&tag_id=Captain+America+%28Movies%29&page=4
8631502,https://archiveofourown.org/works?utf8=%E2%9C%93&commit=Sort+and+Filter&work_search%5Bsort_column%5D=kudos_count&work_search%5Bother_tag_names%5D=&work_search%5Bexcluded_tag_names%5D=&work_search%5Bcrossover%5D=&work_search%5Bcomplete%5D=&work_search%5Bwords_from%5D=&work_search%5Bwords_to%5D=&work_search%5Bdate_from%5D=&work_search%5Bdate_to%5D=&work_search%5Bquery%5D=&work_search%5Blanguage_id%5D=en&tag_id=Captain+America+%28Movies%29&page=4
1476721,https://archiveofourown.org/works?utf8=%E2%9C%93&commit=Sort+and+Filter&work_search%5Bsort_column%5D=kudos_count&work_search%5Bother_tag_names%5D=&work_search%5Bexcluded_tag_names%5D=&work_search%5Bcrossover%5D=&work_search%5Bcomplete%5D=&work_search%5Bwords_from%5D=&work_search%5Bwords_to%5D=&work_search%5Bdate_from%5D=&work_search%5Bdate_to%5D=&work_search%5Bquery%5D=&work_search%5Blanguage_id%5D=en&tag_id=Captain+America+%28Movies%29&page=4
13414524,https://archiveofourown.org/works?utf8=%E2%9C%93&commit=Sort+and+Filter&work_search%5Bsort_column%5D=kudos_count&work_search%5Bother_tag_names%5D=&work_search%5Bexcluded_tag_names%5D=&work_search%5Bcrossover%5D=&work_search%5Bcomplete%5D=&work_search%5Bwords_from%5D=&work_search%5Bwords_to%5D=&work_search%5Bdate_from%5D=&work_search%5Bdate_to%5D=&work_search%5Bquery%5D=&work_search%5Blanguage_id%5D=en&tag_id=Captain+America+%28Movies%29&page=4
9357737,https://archiveofourown.org/works?utf8=%E2%9C%93&commit=Sort+and+Filter&work_search%5Bsort_column%5D=kudos_count&work_search%5Bother_tag_names%5D=&work_search%5Bexcluded_tag_names%5D=&work_search%5Bcrossover%5D=&work_search%5Bcomplete%5D=&work_search%5Bwords_from%5D=&work_search%5Bwords_to%5D=&work_search%5Bdate_from%5D=&work_search%5Bdate_to%5D=&work_search%5Bquery%5D=&work_search%5Blanguage_id%5D=en&tag_id=Captain+America+%28Movies%29&page=4
9570533,https://archiveofourown.org/works?utf8=%E2%9C%93&commit=Sort+and+Filter&work_search%5Bsort_column%5D=kudos_count&work_search%5Bother_tag_names%5D=&work_search%5Bexcluded_tag_names%5D=&work_search%5Bcrossover%5D=&work_search%5Bcomplete%5D=&work_search%5Bwords_from%5D=&work_search%5Bwords_to%5D=&work_search%5Bdate_from%5D=&work_search%5Bdate_to%5D=&work_search%5Bquery%5D=&work_search%5Blanguage_id%5D=en&tag_id=Captain+America+%28Movies%29&page=5
5159573,https://archiveofourown.org/works?utf8=%E2%9C%93&commit=Sort+and+Filter&work_search%5Bsort_column%5D=kudos_count&work_search%5Bother_tag_names%5D=&work_search%5Bexcluded_tag_names%5D=&work_search%5Bcrossover%5D=&work_search%5Bcomplete%5D=&work_search%5Bwords_from%5D=&work_search%5Bwords_to%5D=&work_search%5Bdate_from%5D=&work_search%5Bdate_to%5D=&work_search%5Bquery%5D=&work_search%5Blanguage_id%5D=en&tag_id=Captain+America+%28Movies%29&page=5
10953375,https://archiveofourown.org/works?utf8=%E2%9C%93&commit=Sort+and+Filter&work_search%5Bsort_column%5D=kudos_count&work_search%5Bother_tag_names%5D=&work_search%5Bexcluded_tag_names%5D=&work_search%5Bcrossover%5D=&work_search%5Bcomplete%5D=&work_search%5Bwords_from%5D=&work_search%5Bwords_to%5D=&work_search%5Bdate_from%5D=&work_search%5Bdate_to%5D=&work_search%5Bquery%5D=&work_search%5Blanguage_id%5D=en&tag_id=Captain+America+%28Movies%29&page=5
2772833,https://archiveofourown.org/works?utf8=%E2%9C%93&commit=Sort+and+Filter&work_search%5Bsort_column%5D=kudos_count&work_search%5Bother_tag_names%5D=&work_search%5Bexcluded_tag_names%5D=&work_search%5Bcrossover%5D=&work_search%5Bcomplete%5D=&work_search%5Bwords_from%5D=&work_search%5Bwords_to%5D=&work_search%5Bdate_from%5D=&work_search%5Bdate_to%5D=&work_search%5Bquery%5D=&work_search%5Blanguage_id%5D=en&tag_id=Captain+America+%28Movies%29&page=5
661371,https://archiveofourown.org/works?utf8=%E2%9C%93&commit=Sort+and+Filter&work_search%5Bsort_column%5D=kudos_count&work_search%5Bother_tag_names%5D=&work_search%5Bexcluded_tag_names%5D=&work_search%5Bcrossover%5D=&work_search%5Bcomplete%5D=&work_search%5Bwords_from%5D=&work_search%5Bwords_to%5D=&work_search%5Bdate_from%5D=&work_search%5Bdate_to%5D=&work_search%5Bquery%5D=&work_search%5Blanguage_id%5D=en&tag_id=Captain+America+%28Movies%29&page=5
5511617,https://archiveofourown.org/works?utf8=%E2%9C%93&commit=Sort+and+Filter&work_search%5Bsort_column%5D=kudos_count&work_search%5Bother_tag_names%5D=&work_search%5Bexcluded_tag_names%5D=&work_search%5Bcrossover%5D=&work_search%5Bcomplete%5D=&work_search%5Bwords_from%5D=&work_search%5Bwords_to%5D=&work_search%5Bdate_from%5D=&work_search%5Bdate_to%5D=&work_search%5Bquery%5D=&work_search%5Blanguage_id%5D=en&tag_id=Captain+America+%28Movies%29&page=5
2251440,https://archiveofourown.org/works?utf8=%E2%9C%93&commit=Sort+and+Filter&work_search%5Bsort_column%5D=kudos_count&work_search%5Bother_tag_names%5D=&work_search%5Bexcluded_tag_names%5D=&work_search%5Bcrossover%5D=&work_search%5Bcomplete%5D=&work_search%5Bwords_from%5D=&work_search%5Bwords_to%5D=&work_search%5Bdate_from%5D=&work_search%5Bdate_to%5D=&work_search%5Bquery%5D=&work_search%5Blanguage_id%5D=en&tag_id=Captain+America+%28Movies%29&page=5
2617406,https://archiveofourown.org/works?utf8=%E2%9C%93&commit=Sort+and+Filter&work_search%5Bsort_column%5D=kudos_count&work_search%5Bother_tag_names%5D=&work_search%5Bexcluded_tag_names%5D=&work_search%5Bcrossover%5D=&work_search%5Bcomplete%5D=&work_search%5Bwords_from%5D=&work_search%5Bwords_to%5D=&work_search%5Bdate_from%5D=&work_search%5Bdate_to%5D=&work_search%5Bquery%5D=&work_search%5Blanguage_id%5D=en&tag_id=Captain+America+%28Movies%29&page=5
13928682,https://archiveofourown.org/works?utf8=%E2%9C%93&commit=Sort+and+Filter&work_search%5Bsort_column%5D=kudos_count&work_search%5Bother_tag_names%5D=&work_search%5Bexcluded_tag_names%5D=&work_search%5Bcrossover%5D=&work_search%5Bcomplete%5D=&work_search%5Bwords_from%5D=&work_search%5Bwords_to%5D=&work_search%5Bdate_from%5D=&work_search%5Bdate_to%5D=&work_search%5Bquery%5D=&work_search%5Blanguage_id%5D=en&tag_id=Captain+America+%28Movies%29&page=5
1557569,https://archiveofourown.org/works?utf8=%E2%9C%93&commit=Sort+and+Filter&work_search%5Bsort_column%5D=kudos_count&work_search%5Bother_tag_names%5D=&work_search%5Bexcluded_tag_names%5D=&work_search%5Bcrossover%5D=&work_search%5Bcomplete%5D=&work_search%5Bwords_from%5D=&work_search%5Bwords_to%5D=&work_search%5Bdate_from%5D=&work_search%5Bdate_to%5D=&work_search%5Bquery%5D=&work_search%5Blanguage_id%5D=en&tag_id=Captain+America+%28Movies%29&page=5
14396850,https://archiveofourown.org/works?utf8=%E2%9C%93&commit=Sort+and+Filter&work_search%5Bsort_column%5D=kudos_count&work_search%5Bother_tag_names%5D=&work_search%5Bexcluded_tag_names%5D=&work_search%5Bcrossover%5D=&work_search%5Bcomplete%5D=&work_search%5Bwords_from%5D=&work_search%5Bwords_to%5D=&work_search%5Bdate_from%5D=&work_search%5Bdate_to%5D=&work_search%5Bquery%5D=&work_search%5Blanguage_id%5D=en&tag_id=Captain+America+%28Movies%29&page=5
13466619,https://archiveofourown.org/works?utf8=%E2%9C%93&commit=Sort+and+Filter&work_search%5Bsort_column%5D=kudos_count&work_search%5Bother_tag_names%5D=&work_search%5Bexcluded_tag_names%5D=&work_search%5Bcrossover%5D=&work_search%5Bcomplete%5D=&work_search%5Bwords_from%5D=&work_search%5Bwords_to%5D=&work_search%5Bdate_from%5D=&work_search%5Bdate_to%5D=&work_search%5Bquery%5D=&work_search%5Blanguage_id%5D=en&tag_id=Captain+America+%28Movies%29&page=5
2040726,https://archiveofourown.org/works?utf8=%E2%9C%93&commit=Sort+and+Filter&work_search%5Bsort_column%5D=kudos_count&work_search%5Bother_tag_names%5D=&work_search%5Bexcluded_tag_names%5D=&work_search%5Bcrossover%5D=&work_search%5Bcomplete%5D=&work_search%5Bwords_from%5D=&work_search%5Bwords_to%5D=&work_search%5Bdate_from%5D=&work_search%5Bdate_to%5D=&work_search%5Bquery%5D=&work_search%5Blanguage_id%5D=en&tag_id=Captain+America+%28Movies%29&page=5
2082951,https://archiveofourown.org/works?utf8=%E2%9C%93&commit=Sort+and+Filter&work_search%5Bsort_column%5D=kudos_count&work_search%5Bother_tag_names%5D=&work_search%5Bexcluded_tag_names%5D=&work_search%5Bcrossover%5D=&work_search%5Bcomplete%5D=&work_search%5Bwords_from%5D=&work_search%5Bwords_to%5D=&work_search%5Bdate_from%5D=&work_search%5Bdate_to%5D=&work_search%5Bquery%5D=&work_search%5Blanguage_id%5D=en&tag_id=Captain+America+%28Movies%29&page=5
7135415,https://archiveofourown.org/works?utf8=%E2%9C%93&commit=Sort+and+Filter&work_search%5Bsort_column%5D=kudos_count&work_search%5Bother_tag_names%5D=&work_search%5Bexcluded_tag_names%5D=&work_search%5Bcrossover%5D=&work_search%5Bcomplete%5D=&work_search%5Bwords_from%5D=&work_search%5Bwords_to%5D=&work_search%5Bdate_from%5D=&work_search%5Bdate_to%5D=&work_search%5Bquery%5D=&work_search%5Blanguage_id%5D=en&tag_id=Captain+America+%28Movies%29&page=5
2689091,https://archiveofourown.org/works?utf8=%E2%9C%93&commit=Sort+and+Filter&work_search%5Bsort_column%5D=kudos_count&work_search%5Bother_tag_names%5D=&work_search%5Bexcluded_tag_names%5D=&work_search%5Bcrossover%5D=&work_search%5Bcomplete%5D=&work_search%5Bwords_from%5D=&work_search%5Bwords_to%5D=&work_search%5Bdate_from%5D=&work_search%5Bdate_to%5D=&work_search%5Bquery%5D=&work_search%5Blanguage_id%5D=en&tag_id=Captain+America+%28Movies%29&page=5
1871955,https://archiveofourown.org/works?utf8=%E2%9C%93&commit=Sort+and+Filter&work_search%5Bsort_column%5D=kudos_count&work_search%5Bother_tag_names%5D=&work_search%5Bexcluded_tag_names%5D=&work_search%5Bcrossover%5D=&work_search%5Bcomplete%5D=&work_search%5Bwords_from%5D=&work_search%5Bwords_to%5D=&work_search%5Bdate_from%5D=&work_search%5Bdate_to%5D=&work_search%5Bquery%5D=&work_search%5Blanguage_id%5D=en&tag_id=Captain+America+%28Movies%29&page=5
4806749,https://archiveofourown.org/works?utf8=%E2%9C%93&commit=Sort+and+Filter&work_search%5Bsort_column%5D=kudos_count&work_search%5Bother_tag_names%5D=&work_search%5Bexcluded_tag_names%5D=&work_search%5Bcrossover%5D=&work_search%5Bcomplete%5D=&work_search%5Bwords_from%5D=&work_search%5Bwords_to%5D=&work_search%5Bdate_from%5D=&work_search%5Bdate_to%5D=&work_search%5Bquery%5D=&work_search%5Blanguage_id%5D=en&tag_id=Captain+America+%28Movies%29&page=5
6015883,https://archiveofourown.org/works?utf8=%E2%9C%93&commit=Sort+and+Filter&work_search%5Bsort_column%5D=kudos_count&work_search%5Bother_tag_names%5D=&work_search%5Bexcluded_tag_names%5D=&work_search%5Bcrossover%5D=&work_search%5Bcomplete%5D=&work_search%5Bwords_from%5D=&work_search%5Bwords_to%5D=&work_search%5Bdate_from%5D=&work_search%5Bdate_to%5D=&work_search%5Bquery%5D=&work_search%5Blanguage_id%5D=en&tag_id=Captain+America+%28Movies%29&page=5
1727840,https://archiveofourown.org/works?utf8=%E2%9C%93&commit=Sort+and+Filter&work_search%5Bsort_column%5D=kudos_count&work_search%5Bother_tag_names%5D=&work_search%5Bexcluded_tag_names%5D=&work_search%5Bcrossover%5D=&work_search%5Bcomplete%5D=&work_search%5Bwords_from%5D=&work_search%5Bwords_to%5D=&work_search%5Bdate_from%5D=&work_search%5Bdate_to%5D=&work_search%5Bquery%5D=&work_search%5Blanguage_id%5D=en&tag_id=Captain+America+%28Movies%29&page=5
